[
  {
    "id": "e3YUi",
    "question": "What Shipping Methods Are Available?",
    "answer": "Ex Portland Pitchfork irure mustache. Eutra fap before they sold out literally. Aliquip ugh bicycle rights actually mlkshk, seitan squid craft beer tempor.",
    "status": "published",
    "categoryId": 1
  },
  {
    "id": "N29rD",
    "question": "Do You Ship Internationally?",
    "answer": "Hoodie tote bag mixtape tofu. Typewriter jean shorts wolf quinoa, messenger bag organic freegan cray.",
    "status": "draft",
    "categoryId": 1
  },
  {
    "id": "SUcI3",
    "question": "How Long Will It Take To Get My Package?",
    "answer": "Swag slow-carb quinoa VHS typewriter pork belly brunch, paleo single-origin coffee Wes Anderson. Flexitarian Pitchfork forage, literally paleo fap pour-over. Wes Anderson Pinterest YOLO fanny pack meggings, deep v XOXO chambray sustainable slow-carb raw denim church-key fap chillwave Etsy. +1 typewriter kitsch, American Apparel tofu Banksy Vice.",
    "status": "pending",
    "categoryId": 1
  },
  {
    "id": "howSA",
    "question": "What Payment Methods Are Accepted?",
    "answer": "Fashion axe DIY jean shorts, swag kale chips meh polaroid kogi butcher Wes Anderson chambray next level semiotics gentrify yr. Voluptate photo booth fugiat Vice. Austin sed Williamsburg, ea labore raw denim voluptate cred proident mixtape excepteur mustache. Twee chia photo booth readymade food truck, hoodie roof party swag keytar PBR DIY.",
    "status": "published",
    "categoryId": 2
  },
  {
    "id": "jnatE",
    "question": "Is Buying On-Line Safe?",
    "answer": "Art party authentic freegan semiotics jean shorts chia cred. Neutra Austin roof party Brooklyn, synth Thundercats swag 8-bit photo booth. Plaid letterpress leggings craft beer meh ethical Pinterest.",
    "status": "published",
    "categoryId": 2
  },
  {
    "id": "9gyPD",
    "question": "How do I place an Order?",
    "answer": "Keytar cray slow-carb, Godard banh mi salvia pour-over. Slow-carb Odd Future seitan normcore. Master cleanse American Apparel gentrify flexitarian beard slow-carb next level. Raw denim polaroid paleo farm-to-table, put a bird on it lo-fi tattooed Wes Anderson Pinterest letterpress. Fingerstache McSweeney’s pour-over, letterpress Schlitz photo booth master cleanse bespoke hashtag chillwave gentrify.",
    "status": "published",
    "categoryId": 3
  },
  {
    "id": "738OE",
    "question": "How Can I Cancel Or Change My Order?",
    "answer": "Plaid letterpress leggings craft beer meh ethical Pinterest. Art party authentic freegan semiotics jean shorts chia cred. Neutra Austin roof party Brooklyn, synth Thundercats swag 8-bit photo booth.",
    "status": "published",
    "categoryId": 3
  },
  {
    "id": "3s42U",
    "question": "Do I need an account to place an order?",
    "answer": "Thundercats swag 8-bit photo booth. Plaid letterpress leggings craft beer meh ethical Pinterest. Twee chia photo booth readymade food truck, hoodie roof party swag keytar PBR DIY. Cray ugh 3 wolf moon fap, fashion axe irony butcher cornhole typewriter chambray VHS banjo street art.",
    "status": "pending",
    "categoryId": 3
  },
  {
    "id": "WuPWj",
    "question": "How Do I Track My Order?",
    "answer": "Keytar cray slow-carb, Godard banh mi salvia pour-over. Slow-carb @Odd Future seitan normcore. Master cleanse American Apparel gentrify flexitarian beard slow-carb next level.",
    "status": "draft",
    "categoryId": 3
  },
  {
    "id": "h5ee7",
    "question": "How Can I Return a Product?",
    "answer": "Kale chips Truffaut Williamsburg, hashtag fixie Pinterest raw denim c hambray drinking vinegar Carles street art Bushwick gastropub. Wolf Tumblr paleo church-key. Plaid food truck Echo Park YOLO bitters hella, direct trade Thundercats leggings quinoa before they sold out. You probably haven’t heard of them wayfarers authentic umami drinking vinegar Pinterest Cosby sweater, fingerstache fap High Life.",
    "status": "draft",
    "categoryId": 3
  }
]